"MTU (CET/CEST)","Area","Actual Total Load (MW)","Day-ahead Total Load Forecast (MW)"
"14/10/2025 00:00 - 14/10/2025 00:15","Belgium (BE)","8170.94","8000.84"
"14/10/2025 00:15 - 14/10/2025 00:30","Belgium (BE)","8052.20","7878.04"
"14/10/2025 00:30 - 14/10/2025 00:45","Belgium (BE)","8163.29","7828.68"
"14/10/2025 00:45 - 14/10/2025 01:00","Belgium (BE)","8129.49","7755.60"
"14/10/2025 01:00 - 14/10/2025 01:15","Belgium (BE)","7875.64","7582.13"
"14/10/2025 01:15 - 14/10/2025 01:30","Belgium (BE)","7768.96","7479.21"
"14/10/2025 01:30 - 14/10/2025 01:45","Belgium (BE)","7765.97","7447.43"
"14/10/2025 01:45 - 14/10/2025 02:00","Belgium (BE)","7808.70","7456.45"
"14/10/2025 02:00 - 14/10/2025 02:15","Belgium (BE)","7526.58","7373.15"
"14/10/2025 02:15 - 14/10/2025 02:30","Belgium (BE)","7529.86","7376.33"
"14/10/2025 02:30 - 14/10/2025 02:45","Belgium (BE)","7587.38","7367.39"
"14/10/2025 02:45 - 14/10/2025 03:00","Belgium (BE)","7642.58","7379.74"
"14/10/2025 03:00 - 14/10/2025 03:15","Belgium (BE)","7533.90","7366.56"
"14/10/2025 03:15 - 14/10/2025 03:30","Belgium (BE)","7616.57","7339.70"
"14/10/2025 03:30 - 14/10/2025 03:45","Belgium (BE)","7599.79","7328.61"
"14/10/2025 03:45 - 14/10/2025 04:00","Belgium (BE)","7552.51","7328.20"
"14/10/2025 04:00 - 14/10/2025 04:15","Belgium (BE)","7552.10","7446.62"
"14/10/2025 04:15 - 14/10/2025 04:30","Belgium (BE)","7583.98","7462.83"
"14/10/2025 04:30 - 14/10/2025 04:45","Belgium (BE)","7682.04","7455.38"
"14/10/2025 04:45 - 14/10/2025 05:00","Belgium (BE)","7708.84","7505.16"
"14/10/2025 05:00 - 14/10/2025 05:15","Belgium (BE)","7836.16","7675.40"
"14/10/2025 05:15 - 14/10/2025 05:30","Belgium (BE)","7898.53","7698.75"
"14/10/2025 05:30 - 14/10/2025 05:45","Belgium (BE)","7901.22","7783.48"
"14/10/2025 05:45 - 14/10/2025 06:00","Belgium (BE)","8099.04","7905.72"
"14/10/2025 06:00 - 14/10/2025 06:15","Belgium (BE)","8432.42","8263.97"
"14/10/2025 06:15 - 14/10/2025 06:30","Belgium (BE)","8560.07","8512.54"
"14/10/2025 06:30 - 14/10/2025 06:45","Belgium (BE)","8745.88","8699.53"
"14/10/2025 06:45 - 14/10/2025 07:00","Belgium (BE)","8945.75","8943.30"
"14/10/2025 07:00 - 14/10/2025 07:15","Belgium (BE)","9284.01","9401.82"
"14/10/2025 07:15 - 14/10/2025 07:30","Belgium (BE)","9517.79","9591.64"
"14/10/2025 07:30 - 14/10/2025 07:45","Belgium (BE)","9713.74","9758.79"
"14/10/2025 07:45 - 14/10/2025 08:00","Belgium (BE)","10137.12","9845.69"
"14/10/2025 08:00 - 14/10/2025 08:15","Belgium (BE)","9963.51","9948.55"
"14/10/2025 08:15 - 14/10/2025 08:30","Belgium (BE)","10035.02","10107.66"
"14/10/2025 08:30 - 14/10/2025 08:45","Belgium (BE)","10231.54","10276.93"
"14/10/2025 08:45 - 14/10/2025 09:00","Belgium (BE)","10359.46","10411.50"
"14/10/2025 09:00 - 14/10/2025 09:15","Belgium (BE)","10414.89","10364.41"
"14/10/2025 09:15 - 14/10/2025 09:30","Belgium (BE)","10616.26","10461.19"
"14/10/2025 09:30 - 14/10/2025 09:45","Belgium (BE)","10706.52","10563.42"
"14/10/2025 09:45 - 14/10/2025 10:00","Belgium (BE)","10766.83","10627.86"
"14/10/2025 10:00 - 14/10/2025 10:15","Belgium (BE)","10660.32","10530.36"
"14/10/2025 10:15 - 14/10/2025 10:30","Belgium (BE)","10677.56","10533.85"
"14/10/2025 10:30 - 14/10/2025 10:45","Belgium (BE)","10735.64","10606.70"
"14/10/2025 10:45 - 14/10/2025 11:00","Belgium (BE)","11022.02","10705.17"
"14/10/2025 11:00 - 14/10/2025 11:15","Belgium (BE)","10647.06","10575.43"
"14/10/2025 11:15 - 14/10/2025 11:30","Belgium (BE)","10746.48","10620.96"
"14/10/2025 11:30 - 14/10/2025 11:45","Belgium (BE)","10956.80","10722.74"
"14/10/2025 11:45 - 14/10/2025 12:00","Belgium (BE)","10967.86","10771.39"
"14/10/2025 12:00 - 14/10/2025 12:15","Belgium (BE)","10734.17","10651.96"
"14/10/2025 12:15 - 14/10/2025 12:30","Belgium (BE)","10632.74","10586.55"
"14/10/2025 12:30 - 14/10/2025 12:45","Belgium (BE)","10660.55","10602.09"
"14/10/2025 12:45 - 14/10/2025 13:00","Belgium (BE)","10683.67","10603.82"
"14/10/2025 13:00 - 14/10/2025 13:15","Belgium (BE)","11075.09","10668.15"
"14/10/2025 13:15 - 14/10/2025 13:30","Belgium (BE)","11069.85","10625.90"
"14/10/2025 13:30 - 14/10/2025 13:45","Belgium (BE)","11122.09","10608.69"
"14/10/2025 13:45 - 14/10/2025 14:00","Belgium (BE)","11077.50","10496.57"
"14/10/2025 14:00 - 14/10/2025 14:15","Belgium (BE)","10960.48","10478.05"
"14/10/2025 14:15 - 14/10/2025 14:30","Belgium (BE)","10912.17","10470.11"
"14/10/2025 14:30 - 14/10/2025 14:45","Belgium (BE)","10734.89","10415.22"
"14/10/2025 14:45 - 14/10/2025 15:00","Belgium (BE)","10471.83","10267.40"
"14/10/2025 15:00 - 14/10/2025 15:15","Belgium (BE)","10403.20","10271.37"
"14/10/2025 15:15 - 14/10/2025 15:30","Belgium (BE)","10401.52","10161.45"
"14/10/2025 15:30 - 14/10/2025 15:45","Belgium (BE)","10354.19","10035.14"
"14/10/2025 15:45 - 14/10/2025 16:00","Belgium (BE)","10179.55","9909.45"
"14/10/2025 16:00 - 14/10/2025 16:15","Belgium (BE)","10204.97","10059.13"
"14/10/2025 16:15 - 14/10/2025 16:30","Belgium (BE)","9956.69","9940.44"
"14/10/2025 16:30 - 14/10/2025 16:45","Belgium (BE)","9973.66","9926.77"
"14/10/2025 16:45 - 14/10/2025 17:00","Belgium (BE)","9929.48","9926.54"
"14/10/2025 17:00 - 14/10/2025 17:15","Belgium (BE)","10244.24","10205.06"
"14/10/2025 17:15 - 14/10/2025 17:30","Belgium (BE)","10082.01","10165.90"
"14/10/2025 17:30 - 14/10/2025 17:45","Belgium (BE)","10035.00","10170.48"
"14/10/2025 17:45 - 14/10/2025 18:00","Belgium (BE)","10006.94","10232.20"
"14/10/2025 18:00 - 14/10/2025 18:15","Belgium (BE)","9901.36","10352.40"
"14/10/2025 18:15 - 14/10/2025 18:30","Belgium (BE)","9806.12","10376.36"
"14/10/2025 18:30 - 14/10/2025 18:45","Belgium (BE)","9795.54","10366.05"
"14/10/2025 18:45 - 14/10/2025 19:00","Belgium (BE)","9894.77","10302.15"
"14/10/2025 19:00 - 14/10/2025 19:15","Belgium (BE)","9934.55","10467.88"
"14/10/2025 19:15 - 14/10/2025 19:30","Belgium (BE)","9901.84","10455.10"
"14/10/2025 19:30 - 14/10/2025 19:45","Belgium (BE)","9852.13","10435.40"
"14/10/2025 19:45 - 14/10/2025 20:00","Belgium (BE)","9750.06","10399.72"
"14/10/2025 20:00 - 14/10/2025 20:15","Belgium (BE)","9631.33","10172.36"
"14/10/2025 20:15 - 14/10/2025 20:30","Belgium (BE)","9505.88","10044.90"
"14/10/2025 20:30 - 14/10/2025 20:45","Belgium (BE)","9389.04","9978.62"
"14/10/2025 20:45 - 14/10/2025 21:00","Belgium (BE)","9260.32","9931.97"
"14/10/2025 21:00 - 14/10/2025 21:15","Belgium (BE)","9146.26","9684.39"
"14/10/2025 21:15 - 14/10/2025 21:30","Belgium (BE)","8988.64","9564.53"
"14/10/2025 21:30 - 14/10/2025 21:45","Belgium (BE)","8900.30","9455.68"
"14/10/2025 21:45 - 14/10/2025 22:00","Belgium (BE)","8791.62","9403.13"
"14/10/2025 22:00 - 14/10/2025 22:15","Belgium (BE)","8576.37","9243.36"
"14/10/2025 22:15 - 14/10/2025 22:30","Belgium (BE)","8591.57","9217.65"
"14/10/2025 22:30 - 14/10/2025 22:45","Belgium (BE)","8511.68","9105.03"
"14/10/2025 22:45 - 14/10/2025 23:00","Belgium (BE)","8399.56","9019.59"
"14/10/2025 23:00 - 14/10/2025 23:15","Belgium (BE)","8460.55","8801.56"
"14/10/2025 23:15 - 14/10/2025 23:30","Belgium (BE)","8376.97","8652.01"
"14/10/2025 23:30 - 14/10/2025 23:45","Belgium (BE)","8257.57","8575.45"
"14/10/2025 23:45 - 15/10/2025 00:00","Belgium (BE)","8142.13","8495.31"
"15/10/2025 00:00 - 15/10/2025 00:15","Belgium (BE)","8121.80","8373.21"
"15/10/2025 00:15 - 15/10/2025 00:30","Belgium (BE)","8028.02","8241.74"
"15/10/2025 00:30 - 15/10/2025 00:45","Belgium (BE)","8113.27","8170.35"
"15/10/2025 00:45 - 15/10/2025 01:00","Belgium (BE)","7958.07","8138.88"
"15/10/2025 01:00 - 15/10/2025 01:15","Belgium (BE)","7955.41","8035.57"
"15/10/2025 01:15 - 15/10/2025 01:30","Belgium (BE)","8033.99","7948.15"
"15/10/2025 01:30 - 15/10/2025 01:45","Belgium (BE)","8037.12","7884.38"
"15/10/2025 01:45 - 15/10/2025 02:00","Belgium (BE)","7923.26","7860.27"
"15/10/2025 02:00 - 15/10/2025 02:15","Belgium (BE)","7857.35","7650.63"
"15/10/2025 02:15 - 15/10/2025 02:30","Belgium (BE)","7833.57","7653.93"
"15/10/2025 02:30 - 15/10/2025 02:45","Belgium (BE)","7868.26","7644.66"
"15/10/2025 02:45 - 15/10/2025 03:00","Belgium (BE)","7866.39","7657.47"
"15/10/2025 03:00 - 15/10/2025 03:15","Belgium (BE)","7761.86","7685.76"
"15/10/2025 03:15 - 15/10/2025 03:30","Belgium (BE)","7702.90","7657.74"
"15/10/2025 03:30 - 15/10/2025 03:45","Belgium (BE)","7725.74","7646.17"
"15/10/2025 03:45 - 15/10/2025 04:00","Belgium (BE)","7818.95","7645.74"
"15/10/2025 04:00 - 15/10/2025 04:15","Belgium (BE)","7764.29","7711.70"
"15/10/2025 04:15 - 15/10/2025 04:30","Belgium (BE)","7926.63","7728.49"
"15/10/2025 04:30 - 15/10/2025 04:45","Belgium (BE)","8058.73","7720.77"
"15/10/2025 04:45 - 15/10/2025 05:00","Belgium (BE)","8056.92","7772.32"
"15/10/2025 05:00 - 15/10/2025 05:15","Belgium (BE)","7982.07","7900.64"
"15/10/2025 05:15 - 15/10/2025 05:30","Belgium (BE)","7919.26","7924.68"
"15/10/2025 05:30 - 15/10/2025 05:45","Belgium (BE)","8078.77","8011.90"
"15/10/2025 05:45 - 15/10/2025 06:00","Belgium (BE)","8322.40","8137.72"
"15/10/2025 06:00 - 15/10/2025 06:15","Belgium (BE)","8465.17","8588.18"
"15/10/2025 06:15 - 15/10/2025 06:30","Belgium (BE)","8629.64","8846.50"
"15/10/2025 06:30 - 15/10/2025 06:45","Belgium (BE)","8811.24","9040.82"
"15/10/2025 06:45 - 15/10/2025 07:00","Belgium (BE)","9108.68","9294.16"
"15/10/2025 07:00 - 15/10/2025 07:15","Belgium (BE)","9476.15","9707.09"
"15/10/2025 07:15 - 15/10/2025 07:30","Belgium (BE)","9736.67","9903.03"
"15/10/2025 07:30 - 15/10/2025 07:45","Belgium (BE)","10025.52","10075.61"
"15/10/2025 07:45 - 15/10/2025 08:00","Belgium (BE)","10163.72","10165.34"
"15/10/2025 08:00 - 15/10/2025 08:15","Belgium (BE)","10123.39","10184.40"
"15/10/2025 08:15 - 15/10/2025 08:30","Belgium (BE)","10201.60","10347.28"
"15/10/2025 08:30 - 15/10/2025 08:45","Belgium (BE)","10350.09","10520.56"
"15/10/2025 08:45 - 15/10/2025 09:00","Belgium (BE)","10569.82","10658.32"
"15/10/2025 09:00 - 15/10/2025 09:15","Belgium (BE)","10618.57","10510.31"
"15/10/2025 09:15 - 15/10/2025 09:30","Belgium (BE)","10728.33","10608.45"
"15/10/2025 09:30 - 15/10/2025 09:45","Belgium (BE)","10843.04","10712.12"
"15/10/2025 09:45 - 15/10/2025 10:00","Belgium (BE)","10895.93","10777.47"
"15/10/2025 10:00 - 15/10/2025 10:15","Belgium (BE)","10990.50","10575.49"
"15/10/2025 10:15 - 15/10/2025 10:30","Belgium (BE)","11192.38","10578.99"
"15/10/2025 10:30 - 15/10/2025 10:45","Belgium (BE)","11214.10","10652.15"
"15/10/2025 10:45 - 15/10/2025 11:00","Belgium (BE)","11242.35","10751.05"
"15/10/2025 11:00 - 15/10/2025 11:15","Belgium (BE)","11135.58","10634.01"
"15/10/2025 11:15 - 15/10/2025 11:30","Belgium (BE)","10785.61","10679.80"
"15/10/2025 11:30 - 15/10/2025 11:45","Belgium (BE)","10680.87","10782.14"
"15/10/2025 11:45 - 15/10/2025 12:00","Belgium (BE)","10940.05","10831.05"
"15/10/2025 12:00 - 15/10/2025 12:15","Belgium (BE)","10622.35","10751.91"
"15/10/2025 12:15 - 15/10/2025 12:30","Belgium (BE)","10571.70","10685.89"
"15/10/2025 12:30 - 15/10/2025 12:45","Belgium (BE)","10530.35","10701.58"
"15/10/2025 12:45 - 15/10/2025 13:00","Belgium (BE)","10740.17","10703.32"
"15/10/2025 13:00 - 15/10/2025 13:15","Belgium (BE)","10669.78","10605.62"
"15/10/2025 13:15 - 15/10/2025 13:30","Belgium (BE)","10702.60","10563.62"
"15/10/2025 13:30 - 15/10/2025 13:45","Belgium (BE)","10751.18","10546.51"
"15/10/2025 13:45 - 15/10/2025 14:00","Belgium (BE)","10777.46","10435.05"
"15/10/2025 14:00 - 15/10/2025 14:15","Belgium (BE)","10534.70","10420.59"
"15/10/2025 14:15 - 15/10/2025 14:30","Belgium (BE)","10544.53","10412.69"
"15/10/2025 14:30 - 15/10/2025 14:45","Belgium (BE)","10420.33","10358.11"
"15/10/2025 14:45 - 15/10/2025 15:00","Belgium (BE)","10407.93","10211.10"
"15/10/2025 15:00 - 15/10/2025 15:15","Belgium (BE)","10769.24","10341.38"
"15/10/2025 15:15 - 15/10/2025 15:30","Belgium (BE)","10580.88","10230.71"
"15/10/2025 15:30 - 15/10/2025 15:45","Belgium (BE)","10451.69","10103.54"
"15/10/2025 15:45 - 15/10/2025 16:00","Belgium (BE)","10377.27","9977.00"
"15/10/2025 16:00 - 15/10/2025 16:15","Belgium (BE)","10611.44","10126.82"
"15/10/2025 16:15 - 15/10/2025 16:30","Belgium (BE)","10481.32","10007.33"
"15/10/2025 16:30 - 15/10/2025 16:45","Belgium (BE)","10383.59","9993.57"
"15/10/2025 16:45 - 15/10/2025 17:00","Belgium (BE)","10348.06","9993.33"
"15/10/2025 17:00 - 15/10/2025 17:15","Belgium (BE)","10641.74","10284.68"
"15/10/2025 17:15 - 15/10/2025 17:30","Belgium (BE)","10541.84","10245.21"
"15/10/2025 17:30 - 15/10/2025 17:45","Belgium (BE)","10573.91","10249.83"
"15/10/2025 17:45 - 15/10/2025 18:00","Belgium (BE)","10573.23","10312.03"
"15/10/2025 18:00 - 15/10/2025 18:15","Belgium (BE)","10603.04","10526.16"
"15/10/2025 18:15 - 15/10/2025 18:30","Belgium (BE)","10644.76","10550.51"
"15/10/2025 18:30 - 15/10/2025 18:45","Belgium (BE)","10718.38","10540.03"
"15/10/2025 18:45 - 15/10/2025 19:00","Belgium (BE)","10854.47","10475.06"
"15/10/2025 19:00 - 15/10/2025 19:15","Belgium (BE)","10802.21","10615.46"
"15/10/2025 19:15 - 15/10/2025 19:30","Belgium (BE)","10750.04","10602.50"
"15/10/2025 19:30 - 15/10/2025 19:45","Belgium (BE)","10757.12","10582.51"
"15/10/2025 19:45 - 15/10/2025 20:00","Belgium (BE)","10635.10","10546.34"
"15/10/2025 20:00 - 15/10/2025 20:15","Belgium (BE)","10521.07","10365.58"
"15/10/2025 20:15 - 15/10/2025 20:30","Belgium (BE)","10309.24","10235.70"
"15/10/2025 20:30 - 15/10/2025 20:45","Belgium (BE)","10212.12","10168.16"
"15/10/2025 20:45 - 15/10/2025 21:00","Belgium (BE)","10197.09","10120.63"
"15/10/2025 21:00 - 15/10/2025 21:15","Belgium (BE)","9808.11","9843.50"
"15/10/2025 21:15 - 15/10/2025 21:30","Belgium (BE)","9731.44","9721.68"
"15/10/2025 21:30 - 15/10/2025 21:45","Belgium (BE)","9572.37","9611.03"
"15/10/2025 21:45 - 15/10/2025 22:00","Belgium (BE)","9648.16","9557.63"
"15/10/2025 22:00 - 15/10/2025 22:15","Belgium (BE)","9328.40","9383.44"
"15/10/2025 22:15 - 15/10/2025 22:30","Belgium (BE)","9349.72","9357.34"
"15/10/2025 22:30 - 15/10/2025 22:45","Belgium (BE)","9287.48","9243.01"
"15/10/2025 22:45 - 15/10/2025 23:00","Belgium (BE)","9184.91","9156.28"
"15/10/2025 23:00 - 15/10/2025 23:15","Belgium (BE)","9044.79","9031.30"
"15/10/2025 23:15 - 15/10/2025 23:30","Belgium (BE)","8943.89","8877.84"
"15/10/2025 23:30 - 15/10/2025 23:45","Belgium (BE)","8819.27","8799.28"
"15/10/2025 23:45 - 16/10/2025 00:00","Belgium (BE)","8957.66","8717.05"
"16/10/2025 00:00 - 16/10/2025 00:15","Belgium (BE)","8652.37","8374.11"
"16/10/2025 00:15 - 16/10/2025 00:30","Belgium (BE)","8430.81","8249.04"
"16/10/2025 00:30 - 16/10/2025 00:45","Belgium (BE)","8405.75","8201.32"
"16/10/2025 00:45 - 16/10/2025 01:00","Belgium (BE)","8322.56","8156.68"
"16/10/2025 01:00 - 16/10/2025 01:15","Belgium (BE)","8096.41","7994.24"
"16/10/2025 01:15 - 16/10/2025 01:30","Belgium (BE)","7978.41","7923.78"
"16/10/2025 01:30 - 16/10/2025 01:45","Belgium (BE)","7877.32","7866.67"
"16/10/2025 01:45 - 16/10/2025 02:00","Belgium (BE)","7984.65","7831.11"
"16/10/2025 02:00 - 16/10/2025 02:15","Belgium (BE)","7706.48","7709.81"
"16/10/2025 02:15 - 16/10/2025 02:30","Belgium (BE)","7594.26","7716.15"
"16/10/2025 02:30 - 16/10/2025 02:45","Belgium (BE)","7761.94","7717.62"
"16/10/2025 02:45 - 16/10/2025 03:00","Belgium (BE)","7792.42","7737.07"
"16/10/2025 03:00 - 16/10/2025 03:15","Belgium (BE)","7550.53","7634.00"
"16/10/2025 03:15 - 16/10/2025 03:30","Belgium (BE)","7599.30","7620.43"
"16/10/2025 03:30 - 16/10/2025 03:45","Belgium (BE)","7732.53","7609.10"
"16/10/2025 03:45 - 16/10/2025 04:00","Belgium (BE)","7732.96","7603.05"
"16/10/2025 04:00 - 16/10/2025 04:15","Belgium (BE)","7773.10","7662.60"
"16/10/2025 04:15 - 16/10/2025 04:30","Belgium (BE)","7746.54","7679.98"
"16/10/2025 04:30 - 16/10/2025 04:45","Belgium (BE)","7840.16","7684.98"
"16/10/2025 04:45 - 16/10/2025 05:00","Belgium (BE)","7825.54","7732.97"
"16/10/2025 05:00 - 16/10/2025 05:15","Belgium (BE)","7806.45","7966.48"
"16/10/2025 05:15 - 16/10/2025 05:30","Belgium (BE)","8154.66","7997.06"
"16/10/2025 05:30 - 16/10/2025 05:45","Belgium (BE)","8189.99","8073.91"
"16/10/2025 05:45 - 16/10/2025 06:00","Belgium (BE)","8227.15","8207.36"
"16/10/2025 06:00 - 16/10/2025 06:15","Belgium (BE)","8933.46","8584.44"
"16/10/2025 06:15 - 16/10/2025 06:30","Belgium (BE)","9227.95","8826.82"
"16/10/2025 06:30 - 16/10/2025 06:45","Belgium (BE)","9261.68","9020.27"
"16/10/2025 06:45 - 16/10/2025 07:00","Belgium (BE)","9498.48","9267.67"
"16/10/2025 07:00 - 16/10/2025 07:15","Belgium (BE)","9839.25","9661.41"
"16/10/2025 07:15 - 16/10/2025 07:30","Belgium (BE)","10063.48","9862.45"
"16/10/2025 07:30 - 16/10/2025 07:45","Belgium (BE)","10265.88","10037.80"
"16/10/2025 07:45 - 16/10/2025 08:00","Belgium (BE)","10502.00","10168.81"
"16/10/2025 08:00 - 16/10/2025 08:15","Belgium (BE)","10377.48","10214.90"
"16/10/2025 08:15 - 16/10/2025 08:30","Belgium (BE)","10419.87","10369.47"
"16/10/2025 08:30 - 16/10/2025 08:45","Belgium (BE)","10637.56","10546.41"
"16/10/2025 08:45 - 16/10/2025 09:00","Belgium (BE)","10773.92","10684.29"
"16/10/2025 09:00 - 16/10/2025 09:15","Belgium (BE)","10751.67","10555.76"
"16/10/2025 09:15 - 16/10/2025 09:30","Belgium (BE)","10741.64","10665.58"
"16/10/2025 09:30 - 16/10/2025 09:45","Belgium (BE)","10916.53","10769.00"
"16/10/2025 09:45 - 16/10/2025 10:00","Belgium (BE)","10983.62","10834.87"
"16/10/2025 10:00 - 16/10/2025 10:15","Belgium (BE)","11231.10","10706.42"
"16/10/2025 10:15 - 16/10/2025 10:30","Belgium (BE)","11295.83","10711.07"
"16/10/2025 10:30 - 16/10/2025 10:45","Belgium (BE)","11448.56","10783.15"
"16/10/2025 10:45 - 16/10/2025 11:00","Belgium (BE)","11400.12","10908.16"
"16/10/2025 11:00 - 16/10/2025 11:15","Belgium (BE)","11185.39","10748.37"
"16/10/2025 11:15 - 16/10/2025 11:30","Belgium (BE)","11281.47","10799.50"
"16/10/2025 11:30 - 16/10/2025 11:45","Belgium (BE)","11277.44","10915.26"
"16/10/2025 11:45 - 16/10/2025 12:00","Belgium (BE)","11480.29","10963.29"
"16/10/2025 12:00 - 16/10/2025 12:15","Belgium (BE)","11427.12","10606.26"
"16/10/2025 12:15 - 16/10/2025 12:30","Belgium (BE)","10889.26","10537.31"
"16/10/2025 12:30 - 16/10/2025 12:45","Belgium (BE)","10824.56","10553.75"
"16/10/2025 12:45 - 16/10/2025 13:00","Belgium (BE)","10985.07","10557.10"
"16/10/2025 13:00 - 16/10/2025 13:15","Belgium (BE)","11105.04","10508.87"
"16/10/2025 13:15 - 16/10/2025 13:30","Belgium (BE)","11102.13","10471.32"
"16/10/2025 13:30 - 16/10/2025 13:45","Belgium (BE)","11215.61","10458.06"
"16/10/2025 13:45 - 16/10/2025 14:00","Belgium (BE)","10970.68","10351.68"
"16/10/2025 14:00 - 16/10/2025 14:15","Belgium (BE)","10878.77","10402.84"
"16/10/2025 14:15 - 16/10/2025 14:30","Belgium (BE)","10868.73","10386.92"
"16/10/2025 14:30 - 16/10/2025 14:45","Belgium (BE)","10754.21","10319.71"
"16/10/2025 14:45 - 16/10/2025 15:00","Belgium (BE)","10511.65","10159.87"
"16/10/2025 15:00 - 16/10/2025 15:15","Belgium (BE)","10537.59","10367.31"
"16/10/2025 15:15 - 16/10/2025 15:30","Belgium (BE)","10618.80","10269.27"
"16/10/2025 15:30 - 16/10/2025 15:45","Belgium (BE)","10375.79","10148.88"
"16/10/2025 15:45 - 16/10/2025 16:00","Belgium (BE)","10379.32","10015.18"
"16/10/2025 16:00 - 16/10/2025 16:15","Belgium (BE)","10117.37","10287.95"
"16/10/2025 16:15 - 16/10/2025 16:30","Belgium (BE)","10120.46","10152.21"
"16/10/2025 16:30 - 16/10/2025 16:45","Belgium (BE)","10161.34","10142.87"
"16/10/2025 16:45 - 16/10/2025 17:00","Belgium (BE)","10180.31","10136.39"
"16/10/2025 17:00 - 16/10/2025 17:15","Belgium (BE)","10425.42","10434.26"
"16/10/2025 17:15 - 16/10/2025 17:30","Belgium (BE)","10398.83","10379.18"
"16/10/2025 17:30 - 16/10/2025 17:45","Belgium (BE)","10593.98","10378.59"
"16/10/2025 17:45 - 16/10/2025 18:00","Belgium (BE)","10627.87","10430.58"
"16/10/2025 18:00 - 16/10/2025 18:15","Belgium (BE)","10683.76","10535.94"
"16/10/2025 18:15 - 16/10/2025 18:30","Belgium (BE)","10661.30","10547.13"
"16/10/2025 18:30 - 16/10/2025 18:45","Belgium (BE)","10697.33","10537.59"
"16/10/2025 18:45 - 16/10/2025 19:00","Belgium (BE)","10693.72","10493.41"
"16/10/2025 19:00 - 16/10/2025 19:15","Belgium (BE)","10831.10","10639.72"
"16/10/2025 19:15 - 16/10/2025 19:30","Belgium (BE)","10790.27","10624.62"
"16/10/2025 19:30 - 16/10/2025 19:45","Belgium (BE)","10609.47","10599.58"
"16/10/2025 19:45 - 16/10/2025 20:00","Belgium (BE)","10633.98","10555.15"
"16/10/2025 20:00 - 16/10/2025 20:15","Belgium (BE)","10372.89","10328.12"
"16/10/2025 20:15 - 16/10/2025 20:30","Belgium (BE)","10288.62","10198.33"
"16/10/2025 20:30 - 16/10/2025 20:45","Belgium (BE)","10232.49","10122.41"
"16/10/2025 20:45 - 16/10/2025 21:00","Belgium (BE)","10105.89","10067.14"
"16/10/2025 21:00 - 16/10/2025 21:15","Belgium (BE)","9938.74","9757.30"
"16/10/2025 21:15 - 16/10/2025 21:30","Belgium (BE)","9736.81","9631.43"
"16/10/2025 21:30 - 16/10/2025 21:45","Belgium (BE)","9762.31","9522.18"
"16/10/2025 21:45 - 16/10/2025 22:00","Belgium (BE)","9645.76","9463.76"
"16/10/2025 22:00 - 16/10/2025 22:15","Belgium (BE)","9480.41","9331.69"
"16/10/2025 22:15 - 16/10/2025 22:30","Belgium (BE)","9384.37","9310.32"
"16/10/2025 22:30 - 16/10/2025 22:45","Belgium (BE)","9297.53","9198.62"
"16/10/2025 22:45 - 16/10/2025 23:00","Belgium (BE)","9295.38","9106.73"
"16/10/2025 23:00 - 16/10/2025 23:15","Belgium (BE)","9063.52","9026.62"
"16/10/2025 23:15 - 16/10/2025 23:30","Belgium (BE)","8966.75","8880.40"
"16/10/2025 23:30 - 16/10/2025 23:45","Belgium (BE)","8791.40","8796.14"
"16/10/2025 23:45 - 17/10/2025 00:00","Belgium (BE)","8753.73","8709.08"
"17/10/2025 00:00 - 17/10/2025 00:15","Belgium (BE)","8596.42","8624.86"
"17/10/2025 00:15 - 17/10/2025 00:30","Belgium (BE)","8398.65","8486.55"
"17/10/2025 00:30 - 17/10/2025 00:45","Belgium (BE)","8338.16","8442.05"
"17/10/2025 00:45 - 17/10/2025 01:00","Belgium (BE)","8451.13","8392.62"
"17/10/2025 01:00 - 17/10/2025 01:15","Belgium (BE)","8186.79","8177.56"
"17/10/2025 01:15 - 17/10/2025 01:30","Belgium (BE)","8053.35","8098.34"
"17/10/2025 01:30 - 17/10/2025 01:45","Belgium (BE)","8169.31","8033.07"
"17/10/2025 01:45 - 17/10/2025 02:00","Belgium (BE)","8120.45","8013.01"
"17/10/2025 02:00 - 17/10/2025 02:15","Belgium (BE)","7991.28","7809.54"
"17/10/2025 02:15 - 17/10/2025 02:30","Belgium (BE)","8124.98","7813.84"
"17/10/2025 02:30 - 17/10/2025 02:45","Belgium (BE)","8082.71","7819.79"
"17/10/2025 02:45 - 17/10/2025 03:00","Belgium (BE)","8021.66","7837.57"
"17/10/2025 03:00 - 17/10/2025 03:15","Belgium (BE)","7852.16","7765.67"
"17/10/2025 03:15 - 17/10/2025 03:30","Belgium (BE)","7831.19","7748.40"
"17/10/2025 03:30 - 17/10/2025 03:45","Belgium (BE)","7908.61","7743.39"
"17/10/2025 03:45 - 17/10/2025 04:00","Belgium (BE)","7870.41","7749.58"
"17/10/2025 04:00 - 17/10/2025 04:15","Belgium (BE)","7879.09","7812.08"
"17/10/2025 04:15 - 17/10/2025 04:30","Belgium (BE)","7861.86","7846.63"
"17/10/2025 04:30 - 17/10/2025 04:45","Belgium (BE)","7668.00","7866.55"
"17/10/2025 04:45 - 17/10/2025 05:00","Belgium (BE)","7740.26","7907.49"
"17/10/2025 05:00 - 17/10/2025 05:15","Belgium (BE)","8139.67","8081.23"
"17/10/2025 05:15 - 17/10/2025 05:30","Belgium (BE)","8164.59","8101.64"
"17/10/2025 05:30 - 17/10/2025 05:45","Belgium (BE)","8274.71","8188.33"
"17/10/2025 05:45 - 17/10/2025 06:00","Belgium (BE)","8487.71","8335.46"
"17/10/2025 06:00 - 17/10/2025 06:15","Belgium (BE)","8925.24","8760.75"
"17/10/2025 06:15 - 17/10/2025 06:30","Belgium (BE)","8999.26","8999.14"
"17/10/2025 06:30 - 17/10/2025 06:45","Belgium (BE)","9271.32","9197.13"
"17/10/2025 06:45 - 17/10/2025 07:00","Belgium (BE)","9574.51","9457.54"
"17/10/2025 07:00 - 17/10/2025 07:15","Belgium (BE)","9881.52","9861.26"
"17/10/2025 07:15 - 17/10/2025 07:30","Belgium (BE)","10075.84","10074.58"
"17/10/2025 07:30 - 17/10/2025 07:45","Belgium (BE)","10194.33","10264.19"
"17/10/2025 07:45 - 17/10/2025 08:00","Belgium (BE)","10370.67","10398.28"
"17/10/2025 08:00 - 17/10/2025 08:15","Belgium (BE)","10543.95","10313.09"
"17/10/2025 08:15 - 17/10/2025 08:30","Belgium (BE)","10547.23","10463.51"
"17/10/2025 08:30 - 17/10/2025 08:45","Belgium (BE)","10674.79","10638.73"
"17/10/2025 08:45 - 17/10/2025 09:00","Belgium (BE)","10803.59","10788.94"
"17/10/2025 09:00 - 17/10/2025 09:15","Belgium (BE)","10818.84","10653.51"
"17/10/2025 09:15 - 17/10/2025 09:30","Belgium (BE)","10969.25","10762.58"
"17/10/2025 09:30 - 17/10/2025 09:45","Belgium (BE)","10996.55","10869.13"
"17/10/2025 09:45 - 17/10/2025 10:00","Belgium (BE)","10993.05","10935.32"
"17/10/2025 10:00 - 17/10/2025 10:15","Belgium (BE)","10939.03","10801.60"
"17/10/2025 10:15 - 17/10/2025 10:30","Belgium (BE)","10945.96","10827.88"
"17/10/2025 10:30 - 17/10/2025 10:45","Belgium (BE)","11123.70","10892.44"
"17/10/2025 10:45 - 17/10/2025 11:00","Belgium (BE)","11168.76","11009.88"
"17/10/2025 11:00 - 17/10/2025 11:15","Belgium (BE)","11113.73","10860.20"
"17/10/2025 11:15 - 17/10/2025 11:30","Belgium (BE)","11205.58","10866.07"
"17/10/2025 11:30 - 17/10/2025 11:45","Belgium (BE)","11235.22","10954.11"
"17/10/2025 11:45 - 17/10/2025 12:00","Belgium (BE)","11299.63","11027.59"
"17/10/2025 12:00 - 17/10/2025 12:15","Belgium (BE)","11078.49","10736.45"
"17/10/2025 12:15 - 17/10/2025 12:30","Belgium (BE)","10856.49","10668.39"
"17/10/2025 12:30 - 17/10/2025 12:45","Belgium (BE)","10991.89","10677.70"
"17/10/2025 12:45 - 17/10/2025 13:00","Belgium (BE)","11065.44","10702.63"
"17/10/2025 13:00 - 17/10/2025 13:15","Belgium (BE)","10975.38","10618.25"
"17/10/2025 13:15 - 17/10/2025 13:30","Belgium (BE)","10782.71","10588.72"
"17/10/2025 13:30 - 17/10/2025 13:45","Belgium (BE)","10740.48","10580.93"
"17/10/2025 13:45 - 17/10/2025 14:00","Belgium (BE)","10511.56","10487.37"
"17/10/2025 14:00 - 17/10/2025 14:15","Belgium (BE)","10242.95","10393.74"
"17/10/2025 14:15 - 17/10/2025 14:30","Belgium (BE)","10375.86","10377.88"
"17/10/2025 14:30 - 17/10/2025 14:45","Belgium (BE)","10289.72","10301.76"
"17/10/2025 14:45 - 17/10/2025 15:00","Belgium (BE)","10224.45","10156.74"
"17/10/2025 15:00 - 17/10/2025 15:15","Belgium (BE)","10456.56","10293.27"
"17/10/2025 15:15 - 17/10/2025 15:30","Belgium (BE)","10350.90","10185.32"
"17/10/2025 15:30 - 17/10/2025 15:45","Belgium (BE)","10303.42","10068.49"
"17/10/2025 15:45 - 17/10/2025 16:00","Belgium (BE)","10342.45","9942.81"
"17/10/2025 16:00 - 17/10/2025 16:15","Belgium (BE)","10313.44","10079.57"
"17/10/2025 16:15 - 17/10/2025 16:30","Belgium (BE)","10433.83","9948.77"
"17/10/2025 16:30 - 17/10/2025 16:45","Belgium (BE)","10172.14","9930.78"
"17/10/2025 16:45 - 17/10/2025 17:00","Belgium (BE)","10058.16","9920.31"
"17/10/2025 17:00 - 17/10/2025 17:15","Belgium (BE)","10277.85","10083.99"
"17/10/2025 17:15 - 17/10/2025 17:30","Belgium (BE)","10212.16","10023.13"
"17/10/2025 17:30 - 17/10/2025 17:45","Belgium (BE)","10223.96","10024.85"
"17/10/2025 17:45 - 17/10/2025 18:00","Belgium (BE)","10118.20","10068.41"
"17/10/2025 18:00 - 17/10/2025 18:15","Belgium (BE)","9976.67","10132.74"
"17/10/2025 18:15 - 17/10/2025 18:30","Belgium (BE)","10041.79","10144.38"
"17/10/2025 18:30 - 17/10/2025 18:45","Belgium (BE)","10160.57","10143.49"
"17/10/2025 18:45 - 17/10/2025 19:00","Belgium (BE)","10339.71","10122.93"
"17/10/2025 19:00 - 17/10/2025 19:15","Belgium (BE)","10320.12","10077.67"
"17/10/2025 19:15 - 17/10/2025 19:30","Belgium (BE)","10158.94","10059.97"
"17/10/2025 19:30 - 17/10/2025 19:45","Belgium (BE)","10047.61","10040.41"
"17/10/2025 19:45 - 17/10/2025 20:00","Belgium (BE)","9995.71","9990.93"
"17/10/2025 20:00 - 17/10/2025 20:15","Belgium (BE)","9878.55","9786.34"
"17/10/2025 20:15 - 17/10/2025 20:30","Belgium (BE)","9833.04","9655.20"
"17/10/2025 20:30 - 17/10/2025 20:45","Belgium (BE)","9708.95","9579.84"
"17/10/2025 20:45 - 17/10/2025 21:00","Belgium (BE)","9823.28","9534.91"
"17/10/2025 21:00 - 17/10/2025 21:15","Belgium (BE)","9573.88","9322.82"
"17/10/2025 21:15 - 17/10/2025 21:30","Belgium (BE)","9441.90","9206.87"
"17/10/2025 21:30 - 17/10/2025 21:45","Belgium (BE)","9413.96","9096.81"
"17/10/2025 21:45 - 17/10/2025 22:00","Belgium (BE)","9325.23","9056.52"
"17/10/2025 22:00 - 17/10/2025 22:15","Belgium (BE)","9182.16","8905.48"
"17/10/2025 22:15 - 17/10/2025 22:30","Belgium (BE)","9004.12","8889.92"
"17/10/2025 22:30 - 17/10/2025 22:45","Belgium (BE)","9053.76","8787.41"
"17/10/2025 22:45 - 17/10/2025 23:00","Belgium (BE)","8974.11","8697.10"
"17/10/2025 23:00 - 17/10/2025 23:15","Belgium (BE)","8966.61","8572.08"
"17/10/2025 23:15 - 17/10/2025 23:30","Belgium (BE)","8866.04","8439.49"
"17/10/2025 23:30 - 17/10/2025 23:45","Belgium (BE)","8713.17","8355.44"
"17/10/2025 23:45 - 18/10/2025 00:00","Belgium (BE)","8638.38","8298.34"
"18/10/2025 00:00 - 18/10/2025 00:15","Belgium (BE)","8552.72","8076.83"
"18/10/2025 00:15 - 18/10/2025 00:30","Belgium (BE)","8385.54","7942.10"
"18/10/2025 00:30 - 18/10/2025 00:45","Belgium (BE)","8225.97","7900.42"
"18/10/2025 00:45 - 18/10/2025 01:00","Belgium (BE)","8193.87","7874.28"
"18/10/2025 01:00 - 18/10/2025 01:15","Belgium (BE)","7928.14","7732.98"
"18/10/2025 01:15 - 18/10/2025 01:30","Belgium (BE)","7997.84","7651.00"
"18/10/2025 01:30 - 18/10/2025 01:45","Belgium (BE)","7879.90","7609.83"
"18/10/2025 01:45 - 18/10/2025 02:00","Belgium (BE)","7871.64","7588.88"
"18/10/2025 02:00 - 18/10/2025 02:15","Belgium (BE)","7740.79","7449.15"
"18/10/2025 02:15 - 18/10/2025 02:30","Belgium (BE)","7619.01","7444.27"
"18/10/2025 02:30 - 18/10/2025 02:45","Belgium (BE)","7536.30","7483.87"
"18/10/2025 02:45 - 18/10/2025 03:00","Belgium (BE)","7587.26","7480.34"
"18/10/2025 03:00 - 18/10/2025 03:15","Belgium (BE)","7629.04","7386.28"
"18/10/2025 03:15 - 18/10/2025 03:30","Belgium (BE)","7539.03","7447.40"
"18/10/2025 03:30 - 18/10/2025 03:45","Belgium (BE)","7461.40","7374.67"
"18/10/2025 03:45 - 18/10/2025 04:00","Belgium (BE)","7436.67","7334.95"
"18/10/2025 04:00 - 18/10/2025 04:15","Belgium (BE)","7575.90","7186.04"
"18/10/2025 04:15 - 18/10/2025 04:30","Belgium (BE)","7637.05","7196.75"
"18/10/2025 04:30 - 18/10/2025 04:45","Belgium (BE)","7641.66","7151.04"
"18/10/2025 04:45 - 18/10/2025 05:00","Belgium (BE)","7628.01","7180.89"
"18/10/2025 05:00 - 18/10/2025 05:15","Belgium (BE)","7717.93","7132.57"
"18/10/2025 05:15 - 18/10/2025 05:30","Belgium (BE)","7732.47","7162.21"
"18/10/2025 05:30 - 18/10/2025 05:45","Belgium (BE)","7637.15","7194.94"
"18/10/2025 05:45 - 18/10/2025 06:00","Belgium (BE)","7744.28","7130.18"
"18/10/2025 06:00 - 18/10/2025 06:15","Belgium (BE)","7783.38","7320.54"
"18/10/2025 06:15 - 18/10/2025 06:30","Belgium (BE)","7844.61","7358.69"
"18/10/2025 06:30 - 18/10/2025 06:45","Belgium (BE)","7776.73","7442.19"
"18/10/2025 06:45 - 18/10/2025 07:00","Belgium (BE)","7841.41","7585.15"
"18/10/2025 07:00 - 18/10/2025 07:15","Belgium (BE)","8080.16","7723.40"
"18/10/2025 07:15 - 18/10/2025 07:30","Belgium (BE)","8234.82","7796.61"
"18/10/2025 07:30 - 18/10/2025 07:45","Belgium (BE)","8280.16","7871.51"
"18/10/2025 07:45 - 18/10/2025 08:00","Belgium (BE)","8354.91","7997.87"
"18/10/2025 08:00 - 18/10/2025 08:15","Belgium (BE)","8496.29","8074.57"
"18/10/2025 08:15 - 18/10/2025 08:30","Belgium (BE)","8571.24","8228.46"
"18/10/2025 08:30 - 18/10/2025 08:45","Belgium (BE)","8717.81","8394.89"
"18/10/2025 08:45 - 18/10/2025 09:00","Belgium (BE)","8846.65","8562.24"
"18/10/2025 09:00 - 18/10/2025 09:15","Belgium (BE)","8969.21","8640.32"
"18/10/2025 09:15 - 18/10/2025 09:30","Belgium (BE)","9152.10","8774.91"
"18/10/2025 09:30 - 18/10/2025 09:45","Belgium (BE)","9271.87","8841.87"
"18/10/2025 09:45 - 18/10/2025 10:00","Belgium (BE)","9409.78","8951.33"
"18/10/2025 10:00 - 18/10/2025 10:15","Belgium (BE)","9290.52","9031.17"
"18/10/2025 10:15 - 18/10/2025 10:30","Belgium (BE)","9273.49","9066.05"
"18/10/2025 10:30 - 18/10/2025 10:45","Belgium (BE)","9363.09","9227.28"
"18/10/2025 10:45 - 18/10/2025 11:00","Belgium (BE)","9502.13","9406.10"
"18/10/2025 11:00 - 18/10/2025 11:15","Belgium (BE)","9327.63","9200.64"
"18/10/2025 11:15 - 18/10/2025 11:30","Belgium (BE)","9293.87","9337.48"
"18/10/2025 11:30 - 18/10/2025 11:45","Belgium (BE)","9427.97","9596.96"
"18/10/2025 11:45 - 18/10/2025 12:00","Belgium (BE)","9504.71","9689.38"
"18/10/2025 12:00 - 18/10/2025 12:15","Belgium (BE)","9414.70","9669.53"
"18/10/2025 12:15 - 18/10/2025 12:30","Belgium (BE)","9489.13","9720.31"
"18/10/2025 12:30 - 18/10/2025 12:45","Belgium (BE)","9575.80","9742.01"
"18/10/2025 12:45 - 18/10/2025 13:00","Belgium (BE)","9772.75","9843.27"
"18/10/2025 13:00 - 18/10/2025 13:15","Belgium (BE)","9424.10","9742.66"
"18/10/2025 13:15 - 18/10/2025 13:30","Belgium (BE)","9345.11","9744.79"
"18/10/2025 13:30 - 18/10/2025 13:45","Belgium (BE)","9241.18","9628.63"
"18/10/2025 13:45 - 18/10/2025 14:00","Belgium (BE)","9078.43","9510.81"
"18/10/2025 14:00 - 18/10/2025 14:15","Belgium (BE)","9226.89","9298.02"
"18/10/2025 14:15 - 18/10/2025 14:30","Belgium (BE)","9232.92","9216.49"
"18/10/2025 14:30 - 18/10/2025 14:45","Belgium (BE)","9301.89","9123.24"
"18/10/2025 14:45 - 18/10/2025 15:00","Belgium (BE)","9178.89","9081.31"
"18/10/2025 15:00 - 18/10/2025 15:15","Belgium (BE)","9120.93","9162.73"
"18/10/2025 15:15 - 18/10/2025 15:30","Belgium (BE)","9174.38","9077.50"
"18/10/2025 15:30 - 18/10/2025 15:45","Belgium (BE)","9159.72","8957.38"
"18/10/2025 15:45 - 18/10/2025 16:00","Belgium (BE)","8946.54","8820.02"
"18/10/2025 16:00 - 18/10/2025 16:15","Belgium (BE)","9064.98","8910.22"
"18/10/2025 16:15 - 18/10/2025 16:30","Belgium (BE)","8946.97","8779.70"
"18/10/2025 16:30 - 18/10/2025 16:45","Belgium (BE)","9073.53","8695.58"
"18/10/2025 16:45 - 18/10/2025 17:00","Belgium (BE)","9064.68","8510.69"
"18/10/2025 17:00 - 18/10/2025 17:15","Belgium (BE)","9121.12","8730.29"
"18/10/2025 17:15 - 18/10/2025 17:30","Belgium (BE)","9222.27","8738.03"
"18/10/2025 17:30 - 18/10/2025 17:45","Belgium (BE)","9190.35","8806.86"
"18/10/2025 17:45 - 18/10/2025 18:00","Belgium (BE)","9177.23","8745.93"
"18/10/2025 18:00 - 18/10/2025 18:15","Belgium (BE)","9252.37","9028.65"
"18/10/2025 18:15 - 18/10/2025 18:30","Belgium (BE)","9301.51","8943.10"
"18/10/2025 18:30 - 18/10/2025 18:45","Belgium (BE)","9379.00","8934.26"
"18/10/2025 18:45 - 18/10/2025 19:00","Belgium (BE)","9469.92","8929.99"
"18/10/2025 19:00 - 18/10/2025 19:15","Belgium (BE)","9498.95","9003.38"
"18/10/2025 19:15 - 18/10/2025 19:30","Belgium (BE)","9359.35","8973.42"
"18/10/2025 19:30 - 18/10/2025 19:45","Belgium (BE)","9289.81","8935.95"
"18/10/2025 19:45 - 18/10/2025 20:00","Belgium (BE)","9237.25","8930.25"
"18/10/2025 20:00 - 18/10/2025 20:15","Belgium (BE)","9194.86","8722.84"
"18/10/2025 20:15 - 18/10/2025 20:30","Belgium (BE)","9076.78","8666.01"
"18/10/2025 20:30 - 18/10/2025 20:45","Belgium (BE)","9013.32","8596.82"
"18/10/2025 20:45 - 18/10/2025 21:00","Belgium (BE)","8945.03","8523.01"
"18/10/2025 21:00 - 18/10/2025 21:15","Belgium (BE)","8728.90","8335.55"
"18/10/2025 21:15 - 18/10/2025 21:30","Belgium (BE)","8762.77","8243.11"
"18/10/2025 21:30 - 18/10/2025 21:45","Belgium (BE)","8637.08","8208.76"
"18/10/2025 21:45 - 18/10/2025 22:00","Belgium (BE)","8628.23","8173.10"
"18/10/2025 22:00 - 18/10/2025 22:15","Belgium (BE)","8326.23","8085.05"
"18/10/2025 22:15 - 18/10/2025 22:30","Belgium (BE)","8368.16","8066.51"
"18/10/2025 22:30 - 18/10/2025 22:45","Belgium (BE)","8327.06","8030.07"
"18/10/2025 22:45 - 18/10/2025 23:00","Belgium (BE)","8314.62","7965.58"
"18/10/2025 23:00 - 18/10/2025 23:15","Belgium (BE)","8184.12","7847.91"
"18/10/2025 23:15 - 18/10/2025 23:30","Belgium (BE)","8141.48","7740.00"
"18/10/2025 23:30 - 18/10/2025 23:45","Belgium (BE)","8074.61","7658.36"
"18/10/2025 23:45 - 19/10/2025 00:00","Belgium (BE)","7966.66","7650.10"
"19/10/2025 00:00 - 19/10/2025 00:15","Belgium (BE)","7948.12","7665.31"
"19/10/2025 00:15 - 19/10/2025 00:30","Belgium (BE)","7662.49","7533.24"
"19/10/2025 00:30 - 19/10/2025 00:45","Belgium (BE)","7513.70","7391.75"
"19/10/2025 00:45 - 19/10/2025 01:00","Belgium (BE)","7470.71","7436.07"
"19/10/2025 01:00 - 19/10/2025 01:15","Belgium (BE)","7312.73","7254.30"
"19/10/2025 01:15 - 19/10/2025 01:30","Belgium (BE)","7296.99","7225.32"
"19/10/2025 01:30 - 19/10/2025 01:45","Belgium (BE)","7218.06","7138.85"
"19/10/2025 01:45 - 19/10/2025 02:00","Belgium (BE)","7061.86","7158.25"
"19/10/2025 02:00 - 19/10/2025 02:15","Belgium (BE)","7083.10","7118.13"
"19/10/2025 02:15 - 19/10/2025 02:30","Belgium (BE)","7000.15","7120.44"
"19/10/2025 02:30 - 19/10/2025 02:45","Belgium (BE)","6950.19","7093.65"
"19/10/2025 02:45 - 19/10/2025 03:00","Belgium (BE)","7041.21","7021.99"
"19/10/2025 03:00 - 19/10/2025 03:15","Belgium (BE)","7093.75","6866.73"
"19/10/2025 03:15 - 19/10/2025 03:30","Belgium (BE)","7005.84","6863.35"
"19/10/2025 03:30 - 19/10/2025 03:45","Belgium (BE)","7197.62","6855.06"
"19/10/2025 03:45 - 19/10/2025 04:00","Belgium (BE)","7086.53","6855.74"
"19/10/2025 04:00 - 19/10/2025 04:15","Belgium (BE)","7092.19","6856.14"
"19/10/2025 04:15 - 19/10/2025 04:30","Belgium (BE)","7103.00","6847.49"
"19/10/2025 04:30 - 19/10/2025 04:45","Belgium (BE)","7012.92","6826.70"
"19/10/2025 04:45 - 19/10/2025 05:00","Belgium (BE)","7133.44","6801.91"
"19/10/2025 05:00 - 19/10/2025 05:15","Belgium (BE)","7083.82","6831.98"
"19/10/2025 05:15 - 19/10/2025 05:30","Belgium (BE)","7107.51","6875.44"
"19/10/2025 05:30 - 19/10/2025 05:45","Belgium (BE)","7123.73","6893.28"
"19/10/2025 05:45 - 19/10/2025 06:00","Belgium (BE)","7195.75","6950.20"
"19/10/2025 06:00 - 19/10/2025 06:15","Belgium (BE)","7225.28","7099.91"
"19/10/2025 06:15 - 19/10/2025 06:30","Belgium (BE)","7472.64","7097.92"
"19/10/2025 06:30 - 19/10/2025 06:45","Belgium (BE)","7441.42","7173.67"
"19/10/2025 06:45 - 19/10/2025 07:00","Belgium (BE)","7359.01","7189.66"
"19/10/2025 07:00 - 19/10/2025 07:15","Belgium (BE)","7331.04","7303.52"
"19/10/2025 07:15 - 19/10/2025 07:30","Belgium (BE)","7367.00","7424.56"
"19/10/2025 07:30 - 19/10/2025 07:45","Belgium (BE)","7532.53","7457.74"
"19/10/2025 07:45 - 19/10/2025 08:00","Belgium (BE)","7639.27","7513.20"
"19/10/2025 08:00 - 19/10/2025 08:15","Belgium (BE)","7761.57","7508.58"
"19/10/2025 08:15 - 19/10/2025 08:30","Belgium (BE)","7857.78","7639.51"
"19/10/2025 08:30 - 19/10/2025 08:45","Belgium (BE)","8097.75","7880.76"
"19/10/2025 08:45 - 19/10/2025 09:00","Belgium (BE)","8308.05","8160.48"
"19/10/2025 09:00 - 19/10/2025 09:15","Belgium (BE)","8280.57","8022.26"
"19/10/2025 09:15 - 19/10/2025 09:30","Belgium (BE)","8279.31","8146.04"
"19/10/2025 09:30 - 19/10/2025 09:45","Belgium (BE)","8399.39","8437.12"
"19/10/2025 09:45 - 19/10/2025 10:00","Belgium (BE)","8691.76","8612.23"
"19/10/2025 10:00 - 19/10/2025 10:15","Belgium (BE)","8507.77","8514.43"
"19/10/2025 10:15 - 19/10/2025 10:30","Belgium (BE)","8710.26","8615.54"
"19/10/2025 10:30 - 19/10/2025 10:45","Belgium (BE)","8739.88","8704.26"
"19/10/2025 10:45 - 19/10/2025 11:00","Belgium (BE)","8945.83","8806.49"
"19/10/2025 11:00 - 19/10/2025 11:15","Belgium (BE)","8723.33","8929.05"
"19/10/2025 11:15 - 19/10/2025 11:30","Belgium (BE)","8841.98","9064.20"
"19/10/2025 11:30 - 19/10/2025 11:45","Belgium (BE)","9112.82","9248.45"
"19/10/2025 11:45 - 19/10/2025 12:00","Belgium (BE)","9239.30","9380.69"
"19/10/2025 12:00 - 19/10/2025 12:15","Belgium (BE)","9503.98","9348.38"
"19/10/2025 12:15 - 19/10/2025 12:30","Belgium (BE)","9740.43","9373.12"
"19/10/2025 12:30 - 19/10/2025 12:45","Belgium (BE)","10155.00","9334.15"
"19/10/2025 12:45 - 19/10/2025 13:00","Belgium (BE)","10203.01","9329.01"
"19/10/2025 13:00 - 19/10/2025 13:15","Belgium (BE)","10398.36","9328.84"
"19/10/2025 13:15 - 19/10/2025 13:30","Belgium (BE)","10288.85","9261.92"
"19/10/2025 13:30 - 19/10/2025 13:45","Belgium (BE)","10127.65","9230.47"
"19/10/2025 13:45 - 19/10/2025 14:00","Belgium (BE)","9917.55","9253.92"
"19/10/2025 14:00 - 19/10/2025 14:15","Belgium (BE)","9601.22","9164.76"
"19/10/2025 14:15 - 19/10/2025 14:30","Belgium (BE)","9234.81","9094.52"
"19/10/2025 14:30 - 19/10/2025 14:45","Belgium (BE)","8863.65","9018.97"
"19/10/2025 14:45 - 19/10/2025 15:00","Belgium (BE)","8556.60","8908.08"
"19/10/2025 15:00 - 19/10/2025 15:15","Belgium (BE)","8497.74","8798.85"
"19/10/2025 15:15 - 19/10/2025 15:30","Belgium (BE)","8437.71","8712.32"
"19/10/2025 15:30 - 19/10/2025 15:45","Belgium (BE)","8464.09","8449.90"
"19/10/2025 15:45 - 19/10/2025 16:00","Belgium (BE)","8447.33","8386.09"
"19/10/2025 16:00 - 19/10/2025 16:15","Belgium (BE)","8745.56","8304.90"
"19/10/2025 16:15 - 19/10/2025 16:30","Belgium (BE)","8842.34","8356.73"
"19/10/2025 16:30 - 19/10/2025 16:45","Belgium (BE)","8707.97","8270.79"
"19/10/2025 16:45 - 19/10/2025 17:00","Belgium (BE)","8831.17","8201.63"
"19/10/2025 17:00 - 19/10/2025 17:15","Belgium (BE)","8847.69","8432.05"
"19/10/2025 17:15 - 19/10/2025 17:30","Belgium (BE)","9028.55","8425.85"
"19/10/2025 17:30 - 19/10/2025 17:45","Belgium (BE)","9162.59","8532.67"
"19/10/2025 17:45 - 19/10/2025 18:00","Belgium (BE)","9234.07","8649.06"
"19/10/2025 18:00 - 19/10/2025 18:15","Belgium (BE)","9191.26","8790.38"
"19/10/2025 18:15 - 19/10/2025 18:30","Belgium (BE)","9373.11","8904.70"
"19/10/2025 18:30 - 19/10/2025 18:45","Belgium (BE)","9613.66","8922.17"
"19/10/2025 18:45 - 19/10/2025 19:00","Belgium (BE)","9519.97","8938.66"
"19/10/2025 19:00 - 19/10/2025 19:15","Belgium (BE)","9518.60","9097.70"
"19/10/2025 19:15 - 19/10/2025 19:30","Belgium (BE)","9442.04","9129.51"
"19/10/2025 19:30 - 19/10/2025 19:45","Belgium (BE)","9382.34","9125.60"
"19/10/2025 19:45 - 19/10/2025 20:00","Belgium (BE)","9330.31","9138.69"
"19/10/2025 20:00 - 19/10/2025 20:15","Belgium (BE)","9185.45","9060.73"
"19/10/2025 20:15 - 19/10/2025 20:30","Belgium (BE)","9066.59","8973.14"
"19/10/2025 20:30 - 19/10/2025 20:45","Belgium (BE)","8951.06","8878.41"
"19/10/2025 20:45 - 19/10/2025 21:00","Belgium (BE)","8882.95","8780.85"
"19/10/2025 21:00 - 19/10/2025 21:15","Belgium (BE)","8892.68","8637.68"
"19/10/2025 21:15 - 19/10/2025 21:30","Belgium (BE)","8890.23","8507.71"
"19/10/2025 21:30 - 19/10/2025 21:45","Belgium (BE)","8685.64","8386.69"
"19/10/2025 21:45 - 19/10/2025 22:00","Belgium (BE)","8755.57","8315.94"
"19/10/2025 22:00 - 19/10/2025 22:15","Belgium (BE)","8483.37","8197.55"
"19/10/2025 22:15 - 19/10/2025 22:30","Belgium (BE)","8473.90","8174.72"
"19/10/2025 22:30 - 19/10/2025 22:45","Belgium (BE)","8464.06","8134.27"
"19/10/2025 22:45 - 19/10/2025 23:00","Belgium (BE)","8315.85","8074.90"
"19/10/2025 23:00 - 19/10/2025 23:15","Belgium (BE)","8422.61","7978.34"
"19/10/2025 23:15 - 19/10/2025 23:30","Belgium (BE)","8286.44","7916.38"
"19/10/2025 23:30 - 19/10/2025 23:45","Belgium (BE)","8101.45","7798.27"
"19/10/2025 23:45 - 20/10/2025 00:00","Belgium (BE)","7974.63","7778.82"
"20/10/2025 00:00 - 20/10/2025 00:15","Belgium (BE)","7664.63","7640.88"
"20/10/2025 00:15 - 20/10/2025 00:30","Belgium (BE)","7528.56","7507.68"
"20/10/2025 00:30 - 20/10/2025 00:45","Belgium (BE)","7546.66","7465.22"
"20/10/2025 00:45 - 20/10/2025 01:00","Belgium (BE)","7533.20","7432.16"
"20/10/2025 01:00 - 20/10/2025 01:15","Belgium (BE)","7383.25","7269.76"
"20/10/2025 01:15 - 20/10/2025 01:30","Belgium (BE)","7469.37","7168.42"
"20/10/2025 01:30 - 20/10/2025 01:45","Belgium (BE)","7381.26","7166.92"
"20/10/2025 01:45 - 20/10/2025 02:00","Belgium (BE)","7334.54","7155.75"
"20/10/2025 02:00 - 20/10/2025 02:15","Belgium (BE)","7351.86","7085.72"
"20/10/2025 02:15 - 20/10/2025 02:30","Belgium (BE)","7265.09","7139.54"
"20/10/2025 02:30 - 20/10/2025 02:45","Belgium (BE)","7233.54","7087.81"
"20/10/2025 02:45 - 20/10/2025 03:00","Belgium (BE)","7211.03","7066.14"
"20/10/2025 03:00 - 20/10/2025 03:15","Belgium (BE)","7147.89","7048.62"
"20/10/2025 03:15 - 20/10/2025 03:30","Belgium (BE)","7067.94","7011.31"
"20/10/2025 03:30 - 20/10/2025 03:45","Belgium (BE)","7084.78","7056.56"
"20/10/2025 03:45 - 20/10/2025 04:00","Belgium (BE)","7049.22","7106.26"
"20/10/2025 04:00 - 20/10/2025 04:15","Belgium (BE)","7008.39","7277.97"
"20/10/2025 04:15 - 20/10/2025 04:30","Belgium (BE)","7107.38","7315.45"
"20/10/2025 04:30 - 20/10/2025 04:45","Belgium (BE)","7055.11","7279.60"
"20/10/2025 04:45 - 20/10/2025 05:00","Belgium (BE)","7112.01","7193.42"
"20/10/2025 05:00 - 20/10/2025 05:15","Belgium (BE)","7224.79","7533.46"
"20/10/2025 05:15 - 20/10/2025 05:30","Belgium (BE)","7287.11","7619.60"
"20/10/2025 05:30 - 20/10/2025 05:45","Belgium (BE)","7455.65","7762.43"
"20/10/2025 05:45 - 20/10/2025 06:00","Belgium (BE)","7677.87","7833.48"
"20/10/2025 06:00 - 20/10/2025 06:15","Belgium (BE)","8150.01","8378.28"
"20/10/2025 06:15 - 20/10/2025 06:30","Belgium (BE)","8343.63","8536.26"
"20/10/2025 06:30 - 20/10/2025 06:45","Belgium (BE)","8696.32","8789.87"
"20/10/2025 06:45 - 20/10/2025 07:00","Belgium (BE)","8853.71","9094.06"
"20/10/2025 07:00 - 20/10/2025 07:15","Belgium (BE)","9320.61","9549.19"
"20/10/2025 07:15 - 20/10/2025 07:30","Belgium (BE)","9546.94","9784.72"
"20/10/2025 07:30 - 20/10/2025 07:45","Belgium (BE)","9879.93","9900.42"
"20/10/2025 07:45 - 20/10/2025 08:00","Belgium (BE)","9973.35","9973.33"
"20/10/2025 08:00 - 20/10/2025 08:15","Belgium (BE)","10044.60","9965.36"
"20/10/2025 08:15 - 20/10/2025 08:30","Belgium (BE)","10160.37","10181.65"
"20/10/2025 08:30 - 20/10/2025 08:45","Belgium (BE)","10310.35","10370.05"
"20/10/2025 08:45 - 20/10/2025 09:00","Belgium (BE)","10466.15","10522.15"
"20/10/2025 09:00 - 20/10/2025 09:15","Belgium (BE)","10623.96","10379.09"
"20/10/2025 09:15 - 20/10/2025 09:30","Belgium (BE)","10683.21","10538.23"
"20/10/2025 09:30 - 20/10/2025 09:45","Belgium (BE)","10780.98","10652.56"
"20/10/2025 09:45 - 20/10/2025 10:00","Belgium (BE)","10841.24","10716.30"
"20/10/2025 10:00 - 20/10/2025 10:15","Belgium (BE)","10640.22","10524.47"
"20/10/2025 10:15 - 20/10/2025 10:30","Belgium (BE)","10773.01","10526.79"
"20/10/2025 10:30 - 20/10/2025 10:45","Belgium (BE)","11009.62","10639.68"
"20/10/2025 10:45 - 20/10/2025 11:00","Belgium (BE)","11234.49","10693.94"
"20/10/2025 11:00 - 20/10/2025 11:15","Belgium (BE)","10992.05","10633.50"
"20/10/2025 11:15 - 20/10/2025 11:30","Belgium (BE)","10856.46","10578.00"
"20/10/2025 11:30 - 20/10/2025 11:45","Belgium (BE)","11156.97","10645.98"
"20/10/2025 11:45 - 20/10/2025 12:00","Belgium (BE)","11152.90","10660.49"
"20/10/2025 12:00 - 20/10/2025 12:15","Belgium (BE)","11096.99","10581.46"
"20/10/2025 12:15 - 20/10/2025 12:30","Belgium (BE)","10888.41","10588.83"
"20/10/2025 12:30 - 20/10/2025 12:45","Belgium (BE)","10974.50","10579.81"
"20/10/2025 12:45 - 20/10/2025 13:00","Belgium (BE)","11102.43","10535.74"
"20/10/2025 13:00 - 20/10/2025 13:15","Belgium (BE)","11070.58","10515.19"
"20/10/2025 13:15 - 20/10/2025 13:30","Belgium (BE)","10904.31","10508.58"
"20/10/2025 13:30 - 20/10/2025 13:45","Belgium (BE)","10682.71","10430.19"
"20/10/2025 13:45 - 20/10/2025 14:00","Belgium (BE)","10617.76","10306.54"
"20/10/2025 14:00 - 20/10/2025 14:15","Belgium (BE)","10603.10","10322.88"
"20/10/2025 14:15 - 20/10/2025 14:30","Belgium (BE)","10466.48","10206.40"
"20/10/2025 14:30 - 20/10/2025 14:45","Belgium (BE)","10203.02","10167.43"
"20/10/2025 14:45 - 20/10/2025 15:00","Belgium (BE)","10164.52","10113.18"
"20/10/2025 15:00 - 20/10/2025 15:15","Belgium (BE)","10471.89","10189.26"
"20/10/2025 15:15 - 20/10/2025 15:30","Belgium (BE)","10168.18","10161.93"
"20/10/2025 15:30 - 20/10/2025 15:45","Belgium (BE)","10141.45","10045.48"
"20/10/2025 15:45 - 20/10/2025 16:00","Belgium (BE)","10043.30","9923.60"
"20/10/2025 16:00 - 20/10/2025 16:15","Belgium (BE)","10183.60","10058.57"
"20/10/2025 16:15 - 20/10/2025 16:30","Belgium (BE)","10345.35","10003.74"
"20/10/2025 16:30 - 20/10/2025 16:45","Belgium (BE)","10069.23","9955.41"
"20/10/2025 16:45 - 20/10/2025 17:00","Belgium (BE)","9987.13","9872.64"
"20/10/2025 17:00 - 20/10/2025 17:15","Belgium (BE)","10025.58","10199.67"
"20/10/2025 17:15 - 20/10/2025 17:30","Belgium (BE)","9837.03","10085.09"
"20/10/2025 17:30 - 20/10/2025 17:45","Belgium (BE)","9931.47","10120.77"
"20/10/2025 17:45 - 20/10/2025 18:00","Belgium (BE)","10081.39","10133.12"
"20/10/2025 18:00 - 20/10/2025 18:15","Belgium (BE)","10009.02","10541.07"
"20/10/2025 18:15 - 20/10/2025 18:30","Belgium (BE)","10044.26","10517.89"
"20/10/2025 18:30 - 20/10/2025 18:45","Belgium (BE)","10091.33","10500.23"
"20/10/2025 18:45 - 20/10/2025 19:00","Belgium (BE)","10378.70","10478.44"
"20/10/2025 19:00 - 20/10/2025 19:15","Belgium (BE)","10297.06","10672.70"
"20/10/2025 19:15 - 20/10/2025 19:30","Belgium (BE)","10080.48","10569.49"
"20/10/2025 19:30 - 20/10/2025 19:45","Belgium (BE)","10035.51","10531.04"
"20/10/2025 19:45 - 20/10/2025 20:00","Belgium (BE)","9947.89","10538.71"
"20/10/2025 20:00 - 20/10/2025 20:15","Belgium (BE)","9981.96","10215.91"
"20/10/2025 20:15 - 20/10/2025 20:30","Belgium (BE)","9929.15","10123.26"
"20/10/2025 20:30 - 20/10/2025 20:45","Belgium (BE)","9959.56","10011.98"
"20/10/2025 20:45 - 20/10/2025 21:00","Belgium (BE)","9805.31","9866.24"
"20/10/2025 21:00 - 20/10/2025 21:15","Belgium (BE)","9508.65","9698.27"
"20/10/2025 21:15 - 20/10/2025 21:30","Belgium (BE)","9549.07","9520.27"
"20/10/2025 21:30 - 20/10/2025 21:45","Belgium (BE)","9505.60","9396.34"
"20/10/2025 21:45 - 20/10/2025 22:00","Belgium (BE)","9347.36","9349.51"
"20/10/2025 22:00 - 20/10/2025 22:15","Belgium (BE)","8978.19","9144.13"
"20/10/2025 22:15 - 20/10/2025 22:30","Belgium (BE)","8869.46","9171.76"
"20/10/2025 22:30 - 20/10/2025 22:45","Belgium (BE)","8762.25","9088.41"
"20/10/2025 22:45 - 20/10/2025 23:00","Belgium (BE)","8778.42","9046.12"
"20/10/2025 23:00 - 20/10/2025 23:15","Belgium (BE)","8644.55","8839.64"
"20/10/2025 23:15 - 20/10/2025 23:30","Belgium (BE)","8526.80","8654.97"
"20/10/2025 23:30 - 20/10/2025 23:45","Belgium (BE)","8404.35","8613.69"
"20/10/2025 23:45 - 21/10/2025 00:00","Belgium (BE)","8392.76","8571.59"
